mag,dir,seed,status,wall_s,applied,eligible,recovered,xi_max_post,t_reband,n_recov_post,dist,fell_at,success
0.0,+y,0,ok,47.079318046569824,True,True,True,0.25419242753997523,1.6520000000000001,19.0,3.1417870530112926,-1.0,True
0.0,+y,1,ok,58.71098208427429,True,True,True,0.21013157254819304,1.262,14.0,3.49554422009583,-1.0,True
0.0,+y,2,ok,63.124340534210205,True,True,True,0.29440324705443865,0.0,11.0,3.765533763605227,-1.0,True
0.0,+y,3,ok,72.7927634716034,True,True,True,0.26679953982161864,0.0,12.0,3.627091659737189,-1.0,True
0.0,+y,4,ok,73.44786381721497,True,True,True,0.24722428382357411,0.0,14.0,3.1318143599073007,23.73100000000602,False
0.0,+y,5,ok,67.8213403224945,True,True,True,0.19118409439092646,1.2670000000000001,15.0,3.365368653062839,-1.0,True
0.0,+y,6,ok,72.17961835861206,True,True,True,0.23126327233624705,0.483,14.0,3.365426952476453,-1.0,True
0.0,+y,7,ok,76.80929756164551,True,True,True,0.22096640177203272,0.0,17.0,3.4687579447747234,-1.0,True
0.0,+y,8,ok,69.00126481056213,True,True,True,0.2792197927338038,1.121,14.0,3.829851956838405,-1.0,True
0.0,+y,9,ok,64.30841183662415,True,True,True,0.2044528193841394,0.225,16.0,3.2154497780161715,-1.0,True
200.0,+y,0,ok,70.6252088546753,True,True,True,0.18392617567368347,0.0,18.0,3.029797048203686,-1.0,True
200.0,+y,1,ok,66.85837864875793,True,True,True,0.14981932360397587,0.0,14.0,3.5259048451237676,-1.0,True
200.0,+y,2,ok,72.01124286651611,True,True,True,0.267782968626373,0.0,17.0,3.225255200248264,-1.0,True
200.0,+y,3,ok,69.0460114479065,True,True,True,0.17259171254015007,0.0,15.0,3.601422188338606,-1.0,True
200.0,+y,4,ok,73.34435033798218,True,True,True,0.2901122753043322,1.758,14.0,3.406817970885558,-1.0,True
200.0,+y,5,ok,31.102529764175415,True,True,True,0.1957608108409387,0.0,7.0,0.8001688794001136,11.363999999999141,False
200.0,+y,6,ok,66.04898953437805,True,True,True,0.20741639710139423,0.0,11.0,3.802760573055804,-1.0,True
200.0,+y,7,ok,64.57690215110779,True,True,True,0.23653594092559532,1.3980000000000001,13.0,3.516189817348294,-1.0,True
200.0,+y,8,ok,66.87192869186401,True,True,True,0.33175756150283797,0.0,20.0,3.2003483318947645,23.572000000005826,False
200.0,+y,9,ok,56.78568387031555,True,True,True,0.32806208924613095,0.0,13.0,3.4262440235108573,-1.0,True
300.0,+y,0,ok,54.103405714035034,True,True,True,0.20758427577586822,0.0,18.0,3.0867052210092325,-1.0,True
300.0,+y,1,ok,54.999921798706055,True,True,True,0.18389635280562058,0.0,15.0,3.86095605869772,24.760000000007278,False
300.0,+y,2,ok,57.02704310417175,True,True,True,0.3288993746408517,0.161,16.0,3.4506207823023187,-1.0,True
300.0,+y,3,ok,59.4080548286438,True,True,True,0.26619935773849396,0.201,12.0,3.6989775708449404,-1.0,True
300.0,+y,4,ok,49.02294969558716,True,True,True,0.18874653158760443,1.274,17.0,3.130600613425295,-1.0,True
300.0,+y,5,ok,33.98574137687683,True,True,True,0.24098370908893493,0.0,11.0,1.6610035627832183,17.497999999998402,False
300.0,+y,6,ok,51.524434089660645,True,True,True,0.26403727802179855,0.0,11.0,3.7178564431134578,-1.0,True
300.0,+y,7,ok,48.15607738494873,True,True,True,0.2240543098242266,1.5190000000000001,15.0,3.4618857074690923,-1.0,True
300.0,+y,8,ok,47.832223892211914,True,True,True,0.2552005445222745,0.203,18.0,3.2968444723427974,-1.0,True
300.0,+y,9,ok,49.91653347015381,True,True,True,0.26652689953892456,0.0,17.0,3.4354516246112743,-1.0,True
400.0,+y,0,ok,51.833317041397095,True,True,True,0.20682086749729559,0.625,16.0,3.4330094464521728,-1.0,True
400.0,+y,1,ok,51.60162281990051,True,True,True,0.2450409475011738,0.5640000000000001,21.0,3.1366906995391903,-1.0,True
400.0,+y,2,ok,38.28687047958374,True,True,True,0.23531517315366804,0.159,11.0,1.9950373343667482,18.61799999999977,False
400.0,+y,3,ok,50.479209423065186,True,True,True,0.20995096628860255,0.201,15.0,3.4776262094152752,-1.0,True
400.0,+y,4,ok,48.384241819381714,True,True,True,0.26107195652271925,2.362,21.0,2.8343177354643614,-1.0,False
400.0,+y,5,ok,43.71381163597107,True,True,True,0.39413379092370043,0.225,18.0,3.358446032369521,21.757000000003607,False
400.0,+y,6,ok,48.37578773498535,True,True,True,0.19757870106755815,0.0,13.0,3.6650185667253807,24.110000000006483,False
400.0,+y,7,ok,8264.52522945404,True,True,True,0.21438148689970682,4.477,14.0,3.3796124705203883,-1.0,True
400.0,+y,8,ok,18671.695141792297,True,True,True,0.2301896067786929,1.578,13.0,3.5439730311417037,-1.0,True
400.0,+y,9,ok,79.81869125366211,True,True,True,0.477815443049848,0.0,15.0,1.9909851567985952,10.509999999999614,False
500.0,+y,0,ok,3501.2334043979645,True,True,False,0.9853455246694955,nan,9.0,0.8573445516555827,6.458000000000491,False
500.0,+y,1,ok,36.39253091812134,True,True,False,1.021947498179787,nan,9.0,0.8681743641560329,6.489000000000502,False
500.0,+y,2,ok,156.62175154685974,True,True,True,0.21622749399143876,0.157,12.0,3.562554911594323,-1.0,True
500.0,+y,3,ok,16996.75843143463,True,True,True,0.3989577346232877,1.7830000000000001,19.0,2.8279145501968004,-1.0,False
500.0,+y,4,ok,53.2658371925354,True,True,True,0.27055084826728737,0.251,14.0,3.2996709412178244,-1.0,True
500.0,+y,5,ok,63.79282212257385,True,True,True,0.20482144915325654,1.449,14.0,3.5442520006422895,-1.0,True
500.0,+y,6,ok,56.09422993659973,True,True,True,0.18555975711017994,0.17300000000000001,11.0,3.567410157169728,-1.0,True
500.0,+y,7,ok,55.74786400794983,True,True,True,0.23852632419200293,0.215,12.0,3.6777633056832633,-1.0,True
500.0,+y,8,ok,56.177584171295166,True,True,True,0.21019396057349,0.197,13.0,3.3500429871636945,-1.0,True
500.0,+y,9,ok,50.41145873069763,True,True,True,0.1930690186513265,0.241,15.0,3.3991625665897303,-1.0,True
200.0,-y,0,ok,51.872992753982544,True,True,True,0.21812864730067943,2.052,14.0,3.463197643092997,-1.0,True
200.0,-y,1,ok,35.235344648361206,True,True,True,0.23127560835216376,2.224,19.0,1.5524354225374082,17.743999999998703,False
200.0,-y,2,ok,48.21875810623169,True,True,True,0.19475039524108423,0.0,14.0,3.6212782848310905,-1.0,True
200.0,-y,3,ok,53.26968789100647,True,True,True,0.1638666212906556,0.0,14.0,3.469020857204784,-1.0,True
200.0,-y,4,ok,55.21092104911804,True,True,True,0.37059431640804225,0.0,12.0,3.691142341370413,-1.0,True
200.0,-y,5,ok,53.9596745967865,True,True,True,0.19406204678848604,0.23,16.0,3.4116786220222086,-1.0,True
200.0,-y,6,ok,55.492111921310425,True,True,True,0.20644124359623278,0.179,13.0,3.346892414790695,-1.0,True
200.0,-y,7,ok,28.13999104499817,True,True,True,0.25310674526672133,0.0,12.0,2.023443093334517,14.150999999997596,False
200.0,-y,8,ok,48.711198806762695,True,True,True,0.1702638453080696,1.131,18.0,3.2421100166095957,-1.0,True
200.0,-y,9,ok,50.680331230163574,True,True,True,0.4576141180797381,0.25,15.0,3.5777374343172927,-1.0,True
300.0,-y,0,ok,50.82335638999939,True,True,True,0.26587691699090293,0.181,15.0,3.481854917376407,-1.0,True
300.0,-y,1,ok,54.85830473899841,True,True,True,0.19556172542074302,1.0130000000000001,17.0,3.251839419626291,-1.0,True
300.0,-y,2,ok,37.29714274406433,True,True,True,0.20242094027806146,0.0,45.0,2.169992809006217,16.49099999999717,False
300.0,-y,3,ok,64.94843363761902,True,True,True,0.19078267512073013,0.447,16.0,3.2901099482527156,-1.0,True
300.0,-y,4,ok,53.85046625137329,True,True,True,0.15522388318286767,0.23900000000000002,14.0,2.7392307033446057,24.781000000007303,False
300.0,-y,5,ok,73.38645100593567,True,True,True,0.16572658173890958,0.202,12.0,3.6322165967404434,-1.0,True
300.0,-y,6,ok,19.25580906867981,True,True,False,1.0618178124221962,nan,10.0,0.9058155200403915,6.792000000000603,False
300.0,-y,7,ok,64.21132230758667,True,True,True,0.21055633409141183,1.222,13.0,3.586776476795047,-1.0,True
300.0,-y,8,ok,49.66071057319641,True,True,True,0.32620374290675624,1.463,10.0,2.105926355998171,18.840000000000042,False
300.0,-y,9,ok,17.504388093948364,True,True,False,1.004853547886352,nan,15.0,1.1467975522916662,7.133000000000717,False
400.0,-y,0,ok,58.370421171188354,True,True,True,0.22768800706509254,0.671,18.0,3.2562724528522335,-1.0,True
400.0,-y,1,ok,63.62791061401367,True,True,True,0.21458443380897288,1.554,15.0,3.5174715300367243,-1.0,True
400.0,-y,2,ok,65.20131254196167,True,True,True,0.16495561038223777,0.672,14.0,3.5505599210878365,-1.0,True
400.0,-y,3,ok,15.509195327758789,True,True,False,0.959913628369346,nan,9.0,0.8940315721352985,6.640000000000552,False
400.0,-y,4,ok,64.97670650482178,True,True,True,0.2690835528809734,0.468,17.0,2.8858211194684174,-1.0,False
400.0,-y,5,ok,66.29108810424805,True,True,True,0.25148655551864246,0.212,16.0,3.4684756185441525,-1.0,True
400.0,-y,6,ok,14.920607566833496,True,True,False,0.9378305834803308,nan,7.0,0.7985514331932737,6.211000000000409,False
400.0,-y,7,ok,61.21071696281433,True,True,True,0.20461788215434887,0.241,16.0,2.659370655188209,24.782000000007304,False
400.0,-y,8,ok,61.522869348526,True,True,True,0.21559651684094772,0.232,16.0,3.3873391449644075,-1.0,True
400.0,-y,9,ok,14.925134181976318,True,True,False,0.9609133552235016,nan,7.0,0.8793891330369167,6.2040000000004065,False
500.0,-y,0,ok,16.501790046691895,True,True,False,1.060888036710401,nan,8.0,0.8135429200950647,6.392000000000469,False
500.0,-y,1,ok,52.98743438720703,True,True,True,0.2762821209741667,0.277,21.0,3.484124363927277,19.74600000000115,False
500.0,-y,2,ok,15.69054388999939,True,True,False,0.910293978463652,nan,7.0,0.8348750423440607,6.523000000000513,False
500.0,-y,3,ok,17.49267864227295,True,True,False,1.0764013416288967,nan,6.0,0.8224556505849722,6.331000000000449,False
500.0,-y,4,ok,15.306056261062622,True,True,False,0.892380065808057,nan,9.0,0.7673085816154114,6.21500000000041,False
500.0,-y,5,ok,15.869425058364868,True,True,False,0.9301811060246702,nan,7.0,0.7677983315654671,6.339000000000452,False
500.0,-y,6,ok,15.266683340072632,True,True,False,1.010338657264442,nan,6.0,0.8133303390179245,6.011000000000342,False
500.0,-y,7,ok,63.55115509033203,True,True,True,0.287835056716621,0.862,18.0,3.3448499965462877,-1.0,True
500.0,-y,8,ok,64.13288426399231,True,True,True,0.29929318869111693,1.43,14.0,3.6459161311328785,-1.0,True
500.0,-y,9,ok,16.82589864730835,True,True,False,1.0160861172362874,nan,5.0,0.7072135281529195,5.911000000000309,False
